Engagement Timeframe,Total Clients,Total Loan,Bank Loan,Business Lending,Credit Cards Balance,Total Deposit,Bank Deposit,Checking Account Amount,Saving Account Amount,Foreign Currency Amount,Total CC Amount,Total Fees,Engagement Account,Avg Risk Weighting
< 10 Years,742,1096030143.69,440850762.24,652853886.02,2325495.43,918500522.49,491695611.35,236853222.55,167898621.08,22053067.51,1085,39230816.1485,1923210,2.2637215528781796
< 20 Years,1081,1588156564.91,647297446.68,937360091.24,3499026.9899999998,1394628047.85,744650952.85,350376955.15,267420496.2,32179643.65,1610,57219707.6049,5981827,2.2151321786690974
< 5 Years,219,340807713.81,138018644.4,202074542.71,714526.7,283268200.11,152821370.92,73672323.49,50214274.14,6560231.56,325,12937651.2157,351928,2.365296803652968
> 20 Years,930,1358972090.1,547991613.14,807990905.25,2989571.71,1169938309.13,625512646.65,302376346.19,213191669.03,28857647.26,1371,48804021.4168,8480028,2.250800426894344
