Nationality,Total Clients,Total Loan,Bank Loan,Business Lending,Credit Cards Balance,Total Deposit,Bank Deposit,Checking Account Amount,Saving Account Amount,Foreign Currency Amount,Total CC Amount,Total Fees,Engagement Account,Avg Risk Weighting
African,176,249566638.87,100169438.48,148823483.71,573716.68,222344243.39,121064820.12,57391085.75,38294856.15,5593481.37,250,9610542.6181,1030188,56.44318181818182
American,505,729842748.49,306027878.43,422284294.31,1530575.75,630339295.07,335300255.34,160282607.58,120163975.0,14592457.15,760,26257021.4529,2892269,56.98422090729783
Asian,753,1084799395.46,436187379.57,646259015.33,2353000.56,961275967.36,515311922.46,244396869.02,178630361.23,22936814.65,1083,39645497.6734,4141952,57.41777188328913
Australian,252,382089351.59000003,154158054.46,227134012.21,797284.92,313667763.96,169038111.55,80957543.2,56636055.07,7036054.14,393,13507203.6159,1512898,57.6496062992126
European,1299,1937668378.1,777615715.52,1155778619.66,4274042.92,1638707809.8,873965472.3,420250741.83,304999813.0,39491782.67,1905,69171931.0256,7159686,57.96867838044309
