Income Band,Total Clients,Total Loan,Bank Loan,Business Lending,Credit Cards Balance,Total Deposit,Bank Deposit,Checking Account Amount,Saving Account Amount,Foreign Currency Amount,Total CC Amount,Total Fees,Engagement Account,Avg Risk Weighting
High,455,947196058.82,383473648.96,561680405.81,2042004.05,801241947.02,423998997.95,207108643.06,150538711.47,19595594.54,644,33517901.215800002,2593110,54.06798245614035
Low,1021,1103840710.7,448193267.85,653235260.07,2412182.78,935333349.6,499351082.14,237682151.26,174991529.08,23308587.12,1545,39216537.368200004,5746005,59.38753651411879
Mid,1495,2332929742.9900002,942491549.65,1385363759.34,5074434.0,2029759782.96,1091330501.68,518488053.06,373194819.9,46746408.32,2202,85457757.8019,8403878,57.34739617666447
