Loyalty Classification,Total Clients,Total Loan,Bank Loan,Business Lending,Credit Cards Balance,Total Deposit,Bank Deposit,Checking Account Amount,Saving Account Amount,Foreign Currency Amount,Total CC Amount,Total Fees,Engagement Account,Avg Risk Weighting
Gold,583,845188585.8,336010176.27,507258761.89,1919647.64,728744073.99,388664979.02,182714866.48,139976909.63,17387318.86,848,30413571.1484,3224372,2.247863247863248
Jade,1319,1978885785.43,806154486.53,1168453677.27,4277621.63,1721876073.82,927143774.8,442439699.57,312463535.74,39829063.71,1928,72160590.6945,7329705,2.2592036063110443
Platinum,317,442253287.82,179043525.7,262274462.4,935299.72,365722448.05,193908717.46,94106869.19,68354809.81,9352051.59,472,15716374.9726,1778951,2.227129337539432
Silver,763,1117638853.46,452950277.96,662292523.66,2396051.84,949992483.72,504963110.49,244017412.14,177929805.27,23082155.82,1143,39901659.5704,4403965,2.242503259452412
