Engagement Timeframe,Total Clients,Total Loan,Bank Loan,Business Lending,Credit Cards Balance,Total Deposit,Bank Deposit,Checking Account Amount,Saving Account Amount,Foreign Currency Amount,Total CC Amount,Total Fees,Engagement Account,Avg Risk Weighting
< 10 Years,740,1087988747.33,437977443.41,647694263.16,2317040.76,911209664.89,487708423.33,234926365.84,166596488.79,21978386.93,1082,38911804.1481,1915579,61.33691275167785
< 20 Years,1084,1597333196.5,650966317.16,942851710.99,3515168.35,1403133208.73,749265802.86,352462141.01,269109403.99,32295860.87,1614,57572776.662200004,5994972,56.88454545454545
< 5 Years,218,339672478.58,137223092.75,201742545.82,706840.01,282053896.83,152193708.93,73513994.34,49827498.64,6518694.92,324,12903594.1588,350540,62.45412844036697
> 20 Years,930,1358972090.1,547991613.14,807990905.25,2989571.71,1169938309.13,625512646.65,302376346.19,213191669.03,28857647.26,1371,48804021.4168,8481902,54.17075773745998
