Fee Structure,Total Clients,Total Loan,Bank Loan,Business Lending,Credit Cards Balance,Total Deposit,Bank Deposit,Checking Account Amount,Saving Account Amount,Foreign Currency Amount,Total CC Amount,Total Fees,Engagement Account,Avg Risk Weighting
High,1458,2141997752.74,863688816.35,1273637738.1200001,4671198.27,1891162951.3799999,1009041886.25,487552767.3,349456031.56,45112266.27,2147,107099887.63700001,8247704,57.28590785907859
Low,560,808337702.21,325963685.95,480628802.74,1745213.52,710326237.24,380387569.02,177959207.35999998,135322986.74,16656474.12,826,8083377.0221,3120314,57.204626334519574
Mid,954,1433631057.56,584505964.16,846012884.36,3112209.04,1164845890.96,625251126.5,297766872.71999997,213946042.15,27881849.59,1418,43008931.7268,5374975,58.148648648648646
